<?xml version="1.0" encoding="UTF-8"?>
<project-private xmlns="http://www.netbeans.org/ns/project-private/1">
    <editor-bookmarks xmlns="http://www.netbeans.org/ns/editor-bookmarks/2" lastBookmarkId="0"/>
    <open-files xmlns="http://www.netbeans.org/ns/projectui-open-files/2">
        <group>
            <file>file:/var/home/local/FERMI/s01525/Ereditarietà/src/ereditarietà/Professore.java</file>
            <file>file:/var/home/local/FERMI/s01525/Ereditarietà/src/ereditarietà/Ereditarietà.java</file>
            <file>file:/var/home/local/FERMI/s01525/Ereditarietà/src/ereditarietà/Persona.java</file>
            <file>file:/var/home/local/FERMI/s01525/Ereditarietà/src/ereditarietà/Studente.java</file>
        </group>
    </open-files>
</project-private>
