<?xml version="1.0" encoding="UTF-8"?>
<project-private xmlns="http://www.netbeans.org/ns/project-private/1">
    <editor-bookmarks xmlns="http://www.netbeans.org/ns/editor-bookmarks/2" lastBookmarkId="0"/>
    <open-files xmlns="http://www.netbeans.org/ns/projectui-open-files/2">
        <group>
            <file>file:/var/home/local/FERMI/s01525/Scrivania/Albero_binario/src/albero_binario/Albero.java</file>
            <file>file:/var/home/local/FERMI/s01525/Scrivania/Albero_binario/src/albero_binario/NodoAlbero.java</file>
            <file>file:/var/home/local/FERMI/s01525/Scrivania/Albero_binario/src/albero_binario/Albero_binario.java</file>
        </group>
    </open-files>
</project-private>
