<?xml version="1.0" encoding="UTF-8"?>
<project-private xmlns="http://www.netbeans.org/ns/project-private/1">
    <editor-bookmarks xmlns="http://www.netbeans.org/ns/editor-bookmarks/2" lastBookmarkId="0"/>
    <open-files xmlns="http://www.netbeans.org/ns/projectui-open-files/2">
        <group>
            <file>file:/home/local/FERMI/s01525/Scrivania/Mezzi/src/mezzi/AutoVeicoli.java</file>
            <file>file:/home/local/FERMI/s01525/Scrivania/Mezzi/src/mezzi/Motocicli.java</file>
            <file>file:/home/local/FERMI/s01525/Scrivania/Mezzi/src/mezzi/Veicolo.java</file>
            <file>file:/home/local/FERMI/s01525/Scrivania/Mezzi/src/mezzi/Mezzi.java</file>
            <file>file:/home/local/FERMI/s01525/Scrivania/Mezzi/src/mezzi/Utilitaria.java</file>
            <file>file:/home/local/FERMI/s01525/Scrivania/Mezzi/src/mezzi/Cross.java</file>
            <file>file:/home/local/FERMI/s01525/Scrivania/Mezzi/src/mezzi/SUV.java</file>
            <file>file:/home/local/FERMI/s01525/Scrivania/Mezzi/src/mezzi/Da_strada.java</file>
        </group>
    </open-files>
</project-private>
