<?xml version="1.0" encoding="UTF-8"?>
<project-private xmlns="http://www.netbeans.org/ns/project-private/1">
    <editor-bookmarks xmlns="http://www.netbeans.org/ns/editor-bookmarks/2" lastBookmarkId="0"/>
    <open-files xmlns="http://www.netbeans.org/ns/projectui-open-files/2">
        <group>
            <file>file:/var/home/local/FERMI/s01525/Scrivania/OOP/Veicoli/src/veicoli/CFurgone.java</file>
            <file>file:/var/home/local/FERMI/s01525/Scrivania/OOP/Veicoli/src/veicoli/CMotocicletta.java</file>
            <file>file:/var/home/local/FERMI/s01525/Scrivania/OOP/Veicoli/src/veicoli/CVeicoloAMotore.java</file>
            <file>file:/var/home/local/FERMI/s01525/Scrivania/OOP/Veicoli/src/veicoli/CAutomobile.java</file>
        </group>
    </open-files>
</project-private>
